,MSZoning,Neighborhood,Condition1,Condition2,HouseStyle,RoofStyle,Exterior1st,Electrical,ClassPr_S,LotArea,LotShape,OverallQual,OverallCond,YearBuilt,YearRemodAdd,MasVnrArea,ExterQual,ExterCond,Foundation,BsmtQual,BsmtExposure,BsmtFinType1,BsmtUnfSF,TotalBsmtSF,HeatingQC,CentralAir,LowQualFinSF,BedroomAbvGr,KitchenQual,Functional,Fireplaces,GarageFinish,GarageCars,PavedDrive,MoSold,SaleCondition,Latitude,Longitude,LF_median,DistanceFromCenter,total_baths,TotalPorchSF,TotalFinSF,MSSubClass
MSSubClass,137.48875903708085,966.9029707078516,62.44141159094556,0.0,401.755342557649,165.5096179971703,103.98870590097226,29.541987524704275,0.0,773.6615410844624,32.263593064676655,370.74565893420913,584.118773893626,636.0324047552958,220.6502913705972,94.89475410668501,1343.4657802405081,12.510847011931318,271.23879734201904,106.5975044598606,338.84496189857305,174.3368578452487,516.8566905573807,286.61870098770237,306.02230402855344,6.175504782412645,4.148991627146771,36.324770355507894,963.7915176477622,14.498522374065487,499.67627870352953,320.27404294662625,69.80733242724091,17.643180399127374,49.494076400602694,141.36130127301544,349.50687880146006,110.83543801578662,123.49074669684683,31.62848099401026,182.36294295608377,128.22916706199817,248.24550849357547,0.0
MSZoning,0.0,1026.8200568632956,136.9446939903694,0.0,154.33122765985058,104.24586440775639,92.85974680640413,27.604393322450463,0.0,539.2166593006659,27.41067745169279,674.4896854995859,283.1566655648103,637.6350276504918,107.3843311156138,105.45375812296857,1253.6301360611442,4.408618330238681,140.7703458038483,89.19492961082744,385.61846940793794,184.60367785364883,288.6856054205191,250.23823586169783,738.4089894810467,159.0539664100728,5.6867418598369,2.1714554069686756,731.3818121896429,40.882700442409714,233.31110107492168,95.57916506140299,7.280166176799412,82.10419851670972,138.6030426214354,74.72274334733038,582.7816995586365,127.04419867120578,204.13591123409446,363.170558359619,222.2529380018309,391.62008950383506,235.5436956498561,372.20166715612913
Neighborhood,709.0898799818635,0.0,214.40179007992265,0.0,155.27346461160687,64.61809163900645,176.8673720534431,11.252072250005057,0.0,27.576355957952728,79.09722861840899,14.149006724805076,573.8065648094516,1901.0579868925179,103.11258161061915,116.92889062377185,1529.1227951754936,25.05350707064838,46.70680454111289,328.8890550809739,154.45103905337896,113.60646443853705,261.06916525065844,117.08060308031259,251.49658714909674,51.59903367409754,5.389986041822276,24.566489017233607,99.7857586744035,84.38239667322466,374.43904328502595,39.850972530849674,512.1201124665445,24.444565428248424,107.51308563319117,36.703418929220334,539.4843663314005,1367.8280340289532,66.47043577953059,545.6403547019027,294.186506854845,202.56502707202003,636.5923190741014,196.2147606862011
Condition1,305.5372217770755,542.0688696027664,0.0,19.95963167688447,36.636592420487545,116.1757094872182,328.99521141122034,7.838599514803931,0.0,2.314049338003315,63.72500659932,97.09380906579645,124.90146193407418,410.9777757818465,242.39629730652132,40.26346113803038,836.6710486552923,141.49158663051327,111.14628389634677,21.350361392542595,0.41550066631612026,191.44594616234576,94.49156013647007,99.80068657111133,239.64974944445635,20.469879407356075,4.247665291386916,43.19615907601474,491.410038049733,121.74852666472907,331.94434197329656,84.64528396379274,152.30491181616117,25.938663498275062,61.90393084291452,60.84135173108734,495.1880875763504,526.6239243759492,334.6119202331796,41.691643939123196,78.35529958973416,87.3535431775606,369.7033020809213,47.227866851105546
Condition2,11.684898364106516,527.3003771004105,111.4874853466697,0.0,46.84925173153414,67.37468637358742,99.42843467206353,27.818510968899332,0.0,182.23381263021656,169.03022415580145,301.23525048243573,201.9139591915996,321.270230797968,275.35413558653045,221.22785808411322,741.4628739117996,17.362812417857924,149.53345982313587,23.592714598185125,18.250591370139773,39.16952848838423,15.108547846222791,124.99267144442047,256.63848262286047,101.50686256419067,10.35524978220829,18.362594172254603,527.6010934022588,2.2729712586478854,5.07487677961808,87.56971787722915,320.81156088034686,2.9838659759186896,163.07350009908873,75.3356566483285,500.4578667032092,175.16582354207708,119.30584082891573,102.54770077904573,192.60530901925017,112.3641469278291,87.20001663118819,9.58191931827082
HouseStyle,197.51051327991763,728.6530562236694,76.97096956797236,5.690289976355719,0.0,100.55616045128832,219.93460082202648,6.5133858687973,0.0,44.92225907927741,120.19830736691216,265.6620128951254,207.2696385277318,378.0655906624497,410.6303323032744,162.44049888658014,868.3917294562256,11.055731987071013,36.86058988094591,124.9534874912789,149.94538028119632,42.402727406151826,50.021544874352,116.08673492137427,270.5970297502379,66.07678846220051,10.7643871828189,210.23751478624604,571.8866001298693,60.940131999980395,129.70666816694848,11.564065056348966,376.97689614428964,64.43409227573201,155.82668405352013,106.11957583158267,404.62015849622185,401.05654749926134,244.03796254519625,48.88194658895668,22.195124924522815,247.41061676446157,245.4390211577811,70.01896413774534
RoofStyle,164.92104947312532,494.831834236551,127.63292166931251,0.0,30.890887486845998,0.0,182.3836003552616,29.896252981908916,0.0,175.5722676891296,73.4570446148526,287.05597340467466,265.14964883197035,223.82273847934448,164.41744151384046,192.25816663981664,786.46891186036,1.8341015273430799,105.11864939772292,43.71800331204372,232.71550900131433,41.9081160647238,149.0424007992715,132.24170403423523,246.21358149982188,161.90540715277166,13.806827341807903,161.5421243540044,599.2904713755311,0.7447758586083637,20.7090135910571,85.90841882637449,385.71968118160976,8.952078390121954,196.85574370710071,40.433510081585496,560.7108862501918,220.33935404263298,222.5276235752409,20.050075769871,165.0502814405345,215.0620226803503,55.88570449417966,87.9475323660447
Exterior1st,10.804931780515062,618.350923973966,15.391840038831333,0.0,38.2142545798589,67.05058391836533,0.0,3.999840064861715,0.0,273.60743682964676,40.60154829123363,135.55613686494507,227.39627885312484,238.32900116889869,393.41711802290047,16.671542742269594,957.02646234531,126.98550105132206,136.4936388319656,4.110319038744024,41.790160809993495,102.71631672157605,105.96762552548807,239.6962061207355,105.68095703653466,38.78347715486143,16.093197829522126,2.015284104828652,770.0452860490823,81.17887676530154,232.01013052074404,128.68719179459333,371.74389628988865,18.309840339897136,206.73729906827134,85.04122671286041,582.6949045315109,357.2046409546938,282.95411213180114,61.8601792482134,192.51947238629418,177.3158514996162,257.31781074739047,341.6260392080435
Electrical,135.60888760954526,297.6041936456659,102.18125335968352,4.615448448901862,72.05385102836533,144.73737538481114,137.64029100619462,0.0,0.0,29.84721053393787,82.96227734609968,101.1643497804489,252.57302039368687,706.4396627167716,82.53568542956236,112.4227215910937,858.4978254812551,76.39259379895982,144.04671198401957,18.935780642017903,88.55903432484274,30.677246054506213,8.127871731391679,40.40142228165587,225.3780571113782,43.102606903436254,1.7238748112225935,125.36942681438063,609.0072250315384,29.25674783579052,127.83783455181492,3.08750853800899,219.81954430682026,51.438518163052635,156.2248633578223,53.50697281622115,576.0708787120398,148.9641018296088,206.03459179189906,219.293143735066,33.28516721990377,177.46330206214247,148.89256344897876,193.85409118672214
ClassPr_S,203.04237057225032,504.9139145852705,102.29477114790029,0.0,125.57469166485043,124.87787833509648,152.8267579385148,22.789507268321266,0.0,17.418009079263356,77.26313283332863,35.847696913564505,332.4646439097073,473.1870802004305,124.13203084543011,19.786772029621034,852.4858712129868,92.24191639520659,123.95545881299097,38.84168466200265,47.02352884264019,25.517842848895725,116.59444080390767,81.05742648126193,249.56386792072658,73.46386402825738,1.0213294172633596,93.21363098470852,660.5957525306571,14.963018768651978,121.9451389764431,22.889765905958825,257.61183801218385,35.87697530061942,147.48197973678305,26.37071663668746,840.8440435223335,299.2553808382795,240.51894559035065,96.01571168412534,6.543374793162911,120.37465676121633,118.82236787348302,169.56241088771776
LotArea,964.5047700986788,804.8252689513556,28.831880318811045,0.0,181.37440613528594,9.007631739685195,347.4352965012564,22.832907915734324,0.0,0.0,265.12062778200453,923.2637052642076,562.4266279671956,799.3121959143646,142.37141488599082,70.24965381859238,914.4596323068901,10.955409432358593,80.38543024147893,240.2345635933773,444.8722869935805,132.40589441123336,448.04741780396853,39.19371632410639,574.1511690973846,119.10356144351715,31.37216055245824,265.84474701771614,650.9401948140317,44.681913045351735,164.41122317442887,226.1726467872365,956.1429749163831,99.2380174137989,43.87022647487572,60.49459567122176,410.4847738545561,327.4489334512291,406.42591988213644,66.1074206595415,308.8432617376511,300.76213599912603,411.97598335937437,292.03428364360616
LotShape,104.24071366427677,723.6231556324383,23.963907056046992,16.557972808718556,89.47359441574457,150.01422488937052,170.79819059830163,8.037074624254217,0.0,348.6369466891647,0.0,5.327626356667679,166.5968658420711,495.9740653899562,168.42482140551328,95.61923476436027,848.6991471420223,15.647830827904244,118.41119630201646,143.755282351951,193.78457388855895,110.48585515069044,299.04888887513334,225.51371635476653,154.4228293290937,70.8625820776665,3.4651541346235035,279.0698966692353,767.0325242448425,7.913774458085413,138.20127762870152,478.22471240140777,332.8226029562152,36.39297319370368,106.74252343705643,119.66868462668447,596.188154653765,289.29412095370526,218.3198056642657,80.82572220329689,135.7944687387046,139.38128549761655,285.47962161392206,468.19343531652294
OverallQual,233.13191877611735,2462.5008568621397,28.687269056925288,0.0,373.42224317941486,8.622927125848094,537.0603767497049,1.2226647421740893,0.0,371.1744632998866,34.10293977599879,0.0,609.5774422374616,2415.2092539837995,172.37554439332507,247.1643451814939,4053.082845170422,56.06549340921377,92.12290384459956,1105.4527709959543,481.6957901386445,130.48632468425012,574.3719165164975,35.20030004545765,856.8050741554104,140.7833894781482,24.428678069096037,82.60737325645948,1243.579471870933,258.1329056721396,1125.8094123583292,513.3717549669475,1371.8425610201389,0.7259000953476971,80.89900816513489,96.75897902256645,453.95620556599306,2.1640594638347466,135.3337078680063,678.834398916476,213.63407227806283,241.14334731741178,1085.2118772724316,32.269512013164785
OverallCond,116.65424098777953,1152.3502749090885,91.80706056919166,0.0,199.54776915360355,30.411397642622916,222.08688688849008,3.59623138809971,0.0,100.82440972727272,99.66250665194514,139.51669838794987,0.0,2870.1414769518356,1746.0770103269037,21.33154061558389,399.13148791096717,86.07719238022686,248.65426109566647,317.1756587744202,348.52910964832176,358.501601822476,172.63168873817085,425.43867635837614,151.963598567477,257.3982677211768,2.844490611693111,262.98556440605796,55.01649456388759,251.832250235885,189.93152095020696,150.38741220459363,55.47645364662185,108.84267291831742,3.9301512522852136,21.360435525769276,270.78337410550535,222.2999731303628,203.44214607807885,414.4829188618328,156.11133958390133,12.066496504025281,119.58727717184593,260.0477935615031
YearBuilt,63.90222607673843,1621.5403716479068,203.88545085660257,5.240290555148785,75.51987984852457,157.9545832615738,562.6842707190175,22.535351311639346,0.0,68.99574313326684,30.221999484744913,70.2805822132741,596.0944166744612,0.0,1501.2930210386035,83.74983788592908,525.4980190040254,60.7350355431651,955.1773202393861,463.14078058707344,138.70009193990927,74.00858286915286,196.8628774636818,83.80620954890901,252.96458577909334,85.56824455371691,20.722449642085977,74.79377308751828,308.0162968429386,78.72427820762937,354.98746269619824,359.9196624040474,451.38608257642227,289.8238391048027,44.67850106206981,80.52716077239393,735.4200513595008,24.037290193288754,292.15754768508486,18.418521454140773,106.29820110976061,453.00080335086454,524.267301051892,285.5033764626655
YearRemodAdd,49.91460905269935,918.2395834970421,15.494715862276962,0.0,71.3634010694812,47.545539367530665,4.220337504246004,11.092331310786918,0.0,313.05337242312453,34.78587640863624,96.4627389157431,836.3189918543394,976.6799129675474,0.0,111.58271685583668,23.84472981383618,0.7820447019361865,88.76965561018093,259.76884709075205,201.0028953417475,156.45624725865287,379.79427394104096,202.397956188099,294.58503990477084,24.86945629238585,6.4281739474489115,394.9393033529609,606.4087560398057,1.5385435006404578,193.58021577568843,85.73194399910699,139.07116750142768,28.061521978266498,91.135096406162,83.96172351579992,256.7912171097728,159.41886987682483,139.64573186671532,84.44630547451811,83.20533454789756,243.52296493297126,446.64285383411334,212.5319380835076
MasVnrArea,38.92642048231437,587.3659051362993,95.36687866532498,0.0,22.370043610199104,125.97714905034397,114.20106358848898,23.857966634042683,0.0,354.76880003525093,89.24102524443379,620.2905439871429,515.9470722926008,127.71793792987864,551.2315957527562,0.0,771.6954894023264,153.55256360562504,210.85402823294135,228.52920750526414,307.6221515940472,147.07472153768583,374.2436177441532,14.67324780592935,691.0871381744764,53.694009515367384,2.614988458035313,162.2352241577869,221.80104282146112,56.45521298775395,167.76400822994128,247.3806476041065,392.0085427864733,75.19654594384636,23.231099649859857,9.384999603680285,332.5982921086977,134.67781062993686,256.8018765658345,198.88205472224217,83.02020840970226,129.69655836450806,573.2999175652621,268.69457575655633
ExterQual,0.485742896065517,1200.7818053105157,10.398767539836854,0.0,85.46395727939057,19.931899334389072,238.05449927544976,21.879035217979336,0.0,205.10502146854924,127.4218144736229,406.4561571076392,497.65192671805016,289.12299053611423,364.25887633490765,88.69333741634046,0.0,48.53124055454633,111.91759746856454,128.23664466755167,314.2058017679103,11.30375591572988,51.09507046961335,340.70807605257824,61.63136990547309,17.67224129876365,4.782795285714812,316.35812607622756,592.9181421920098,62.33885839951631,262.4796787174687,229.5535808497662,322.5667293043789,21.26391980840765,96.09385746761802,18.643303580465044,76.28858687848151,148.81827106586184,287.04747109365996,147.32284554606304,284.59552142249277,394.55976940046753,171.6446555868606,248.46186357527654
ExterCond,35.440629724561745,559.0558699834155,65.91703586615654,0.0,94.75177608672323,211.42876811114482,238.36607721267717,30.378246274508697,0.0,354.98008492595454,97.49971292592204,585.2022719530305,305.2176515664669,160.87543444290532,337.0058020001079,82.89774158011437,499.2581807752234,0.0,42.22680518392862,201.95889663434195,207.8642666918813,120.81754045923492,226.75613062511366,188.39170203667845,353.21104871247235,88.12987876433601,1.4119542043844788,235.15573739672266,439.2133826913873,94.47932300495779,191.91278565802986,52.164093175623805,254.43682365796667,12.825219815106607,40.335829466189466,46.921326312472615,309.7433844588859,276.9549088928841,291.6524543061739,88.13072443413284,155.83444999208996,342.4331661754493,418.30375565117356,63.081498473982265
Foundation,38.161859319117866,572.4235135186636,39.72071570810522,9.37145190627579,7.235533397444669,100.98807640578943,355.781925009121,22.00516833060962,0.0,497.2640754560898,68.54754363325958,319.67164942473937,359.7446914389593,148.69870608226756,105.96821322656615,145.44591238298221,616.110960372271,95.76922528275479,0.0,276.72555210710755,139.80237517293563,6.189021508004316,234.83202774446,93.04540503219778,249.287580910815,140.43186099169714,0.23553124083961308,240.80819761348357,467.5586138904205,81.58640299836338,252.92920310865748,158.41434615757163,492.64831357170124,25.24652788103998,57.53729006773494,6.091567223062839,288.44025935843774,242.17592165681458,373.5460380909958,226.08572173486255,290.43338658675384,307.27457561299343,645.0773386981855,124.8734945597073
BsmtQual,191.05012755095527,494.1985701435424,79.11185367861276,0.0,255.0192719604321,33.220695700520196,73.80058803809254,16.119546782843827,0.0,140.4874285472897,5.162399763994117,328.8705121462226,373.79508325593906,237.83024494767687,400.48132962047157,142.8887901297844,313.99287149145937,9.566792011245226,204.4949275797536,0.0,299.7291120149034,104.36299093934849,291.9975936631354,232.87806731542537,169.98797149214852,40.80596881116935,1.121245597809505,238.04100793487703,470.1312033965778,0.5705070181452356,41.47410271311173,17.661021460503093,407.118350052046,26.63933173261111,118.76974430892949,115.47692732281416,216.24628998881485,13.519240898411908,161.4319526649591,151.8941472352592,28.60630339113868,191.3475743738661,478.9346759493419,247.88210195278975
BsmtExposure,120.99147614655101,267.1273091695866,27.690785318301323,0.0,415.40407180975467,135.08245282703606,200.33152083638913,16.989817260440383,0.0,230.64928735362992,95.81058555713918,594.9131718683784,122.13810459811339,1526.370048714345,102.56699340159503,60.55771333979237,275.7750620871766,18.341230834062813,125.37917761584126,384.1824853971847,0.0,101.18341590937621,643.6105945385789,273.8046033637472,28.575022638351584,15.7455805335062,0.5363216343213963,474.5943940418658,524.0470487327143,69.24313305475164,57.911401306482276,391.0370378655677,330.2978489684765,14.506423404730285,83.11315227268528,61.526583183945604,323.44745080142457,7.695801361922122,51.40861220442957,67.38002353203024,167.95723126180428,313.38478510491336,712.5835869674775,331.24497523061973
BsmtFinType1,249.06574962696072,539.2027085368318,168.76547997793887,0.0,16.45717582954279,167.68228479245735,349.83831807023887,24.772130657577684,0.0,74.00782209260524,106.70269302695473,168.3829786234619,389.879388586558,726.5465671887459,375.31437614589277,129.39448359912421,254.1646425931283,8.445774713397057,288.6070669585576,21.985471625520006,428.42461816012883,0.0,558.3455175618337,295.68251181445953,171.79039326505267,117.1105296910946,14.45689372625612,226.75377315626622,353.5610921621178,73.55899000238378,20.75835211754611,38.70103801578614,190.1089917922841,7.717077580639739,121.9827873472725,49.015359550375024,14.4424525096847,89.93247202404928,92.33831120995228,166.48594527973341,80.1387302799726,496.45613725326757,449.6631785368154,43.104498626692475
BsmtUnfSF,116.49922896486203,1195.525833732131,129.6212729675824,0.0,1477.7213873048058,149.17071149972597,128.84994292380554,48.523337446381376,0.0,391.1595514793162,94.25172936251397,714.5497144470701,111.76642604619201,46.89190425702145,329.0871131857157,358.6879674369102,579.6289565554866,130.48280910692966,139.52344295428654,8.461397234436049,277.6100085820624,247.99491797792678,0.0,3679.701925286853,30.024772508057367,80.89166316860258,3.1886604180157363,1017.6623770980232,669.0585694718065,33.53603496298422,538.0089644055565,211.0308601861397,171.60158341831766,56.60654065275523,98.79645764433917,99.90297913954635,263.32033723394215,332.13128289263454,9.0224202497418,475.39244142280313,810.4965328043947,315.3535699048168,6071.169670999669,103.51336132365282
TotalBsmtSF,103.78372838936355,690.74724909625,48.367539204564764,0.0,304.005970241892,66.99494119715067,474.37551954204844,30.438230785521128,0.0,391.86487764373396,63.302043782410294,447.1083510584285,371.338202902225,506.631019684467,691.8852084805822,249.38632372297775,295.56499670061123,0.808281702283324,117.29747912340866,706.1909349662868,101.33355032612576,94.98487173230956,380.43854787777946,0.0,93.39270531697707,87.1176936182593,7.753432466987789,102.25727034306306,674.0256811725126,29.031167274389986,421.47544334327586,321.7281703497568,436.0242196539575,29.376241590649443,176.65272306208726,74.22113985898386,294.7975153428756,378.60412883754134,201.24146122882507,263.5034252500145,442.64381910333304,251.44740632635194,647.3047985318335,409.46663322060704
HeatingQC,149.66788231167993,856.3140252934627,79.71500807725624,0.0,100.01305624103571,37.08299985131893,487.42328253217613,7.272821448626075,0.0,305.975602019852,72.02497514069029,58.794400538628906,513.4519125662273,711.2140115473858,950.1002473294716,169.43206344309806,230.43858172919965,66.45833431878809,258.333898376995,125.16901419345538,124.61700949941951,158.55312088058633,611.7552142702662,180.04887249940452,0.0,66.05592796657288,7.658365412275494,278.36164023193953,495.1971366963812,44.13219231381174,30.5579903567359,235.280633452294,245.00765987717568,13.234901460068855,94.4174415809947,22.755655616674517,199.83259231675538,93.15828332189676,209.99212902917782,90.34090971862611,72.30731015574315,186.23909183438764,698.4359791722927,207.67126230945632
CentralAir,137.7952861764602,788.6383387431251,84.06857325649867,0.0,77.17659363380392,170.78608950797755,429.0551496278266,23.50142026129886,0.0,392.5510929554812,92.85082901135303,8.811358538616332,352.51258111447805,1376.9107471879488,223.6440565690068,133.13794718996337,285.1494407333803,14.625083444332901,160.03575336743683,73.60258239462826,248.7903177263927,23.35701120266799,741.703285895217,225.77897602966686,216.79246021769018,0.0,3.3048371820678923,341.910716306257,700.0294261144945,68.12332981594591,33.42684647019405,469.42466893691557,221.3055278920392,70.89944671980558,2.7592068817129984,43.70681029649336,200.80944521809624,104.67008187906777,183.29758814150205,330.93555058011657,191.75136942857307,279.4104339849514,1038.105447942824,44.65682291098619
LowQualFinSF,219.96459739004922,718.98829579221,144.03526627419978,0.0,105.21052597172763,64.27906858371736,343.3638600950445,66.89192419232891,0.0,211.35963372632432,133.2856033012175,137.8364890427365,423.5947841340412,1292.1160504327,240.48435985039714,85.00421131413145,258.71611204459145,4.678644599888273,119.55852283955437,146.96220435081932,172.13293153085078,28.90090978195383,433.4353234364562,250.5502470092099,90.68902850551012,80.10482697442092,0.0,317.83222239643715,474.15936619037257,47.67920592423479,317.7581730815241,389.7404434773536,155.27150751693853,17.95936788761506,157.1094619166355,89.4712258150613,94.41422237529355,85.3046713326205,5.513216873754345,17.356907199804937,98.49663064567994,237.9911692128237,824.0655214351464,152.1029484050223
BedroomAbvGr,284.740382123111,805.3766021851998,19.227547740189493,0.0,455.4475069522158,125.5374844705888,236.09189977318317,0.7087995925302977,0.0,70.14267627305162,36.18478587331775,355.86741876863744,345.28781761534174,1147.4655049346975,127.38310778738833,223.9775433888783,342.67624936724974,59.046201220756146,258.5262479991603,92.04269140432484,314.08498750462627,39.39753497444565,387.2595693133535,249.71922899331184,32.86525213052141,31.275740047837417,6.134469861307252,0.0,497.6562984034754,25.48279803510627,7.310757860518152,138.52839718303602,170.6245317901048,85.50283931693824,43.035330781154244,106.04360918129623,357.376061640329,15.556151633265017,8.317321253390219,82.90763044132541,155.5868870566528,147.96483193712925,761.3343104130217,193.49752439326426
KitchenQual,16.211657250727626,731.4789215416367,138.59810884213357,0.0,282.14485527955924,85.12390650953418,216.567643977815,40.00699171751843,0.0,71.08352804844526,145.9260918721942,519.2563113566775,651.1826078508811,1120.7482485900719,1050.2483033375747,22.083801602842186,1184.4223276778366,77.38179470125642,172.27009683893704,252.02907560590586,125.4678528876725,13.426749886479001,444.4093441161058,16.479002951947905,200.79018085665052,157.40731709668455,12.635379870965394,539.5568687448931,0.0,70.49754603077622,97.87580119343556,66.60337904027557,445.0152851660341,104.03563754972458,38.860072882852705,88.42733494734591,393.4697378702899,45.22405892456254,298.6024041255806,165.38179382964768,604.8602591054869,401.4740995069617,1205.5062192087244,260.2453994419675
Functional,159.1464358998121,1058.9123484783995,9.910361870549195,0.0,160.17891425395044,181.2090669539676,210.59753090514243,15.56612382602534,0.0,389.60700451610955,111.42531201656033,234.55563033439648,423.6887595920525,579.5354778099272,47.80224469097766,240.36781888025075,274.3183562641842,11.20447105777123,268.5702957142125,219.61049647707205,86.34902925254164,145.85329494068856,449.1259295241671,322.6877218322338,219.37555408123762,66.5974266902142,11.46770329728615,219.0401255841066,428.2067707023821,0.0,320.5423070320785,190.27492005623827,373.04032167616924,46.16114429497824,50.60338115864113,69.62439896992282,125.5004383634946,72.4844286201685,71.77178387214781,280.8957533032558,218.07737188685792,332.6437382636384,1030.1342304815262,287.93991475967573
Fireplaces,466.95498504406305,531.0049714335391,76.39911527741651,4.216791062842667,425.04441909012166,1.5422492993329513,343.1366107365476,12.703224070662387,0.0,391.1468116257229,35.66177249722922,478.68837912616254,426.2380482590406,1294.4443669712455,481.7048136546814,313.76855185033696,81.18427643128865,25.140649569928655,215.85203872214248,48.106849706202524,337.61975471944606,172.95936885871663,285.3194180609553,216.03093439995655,115.87979555332527,92.51010880158844,12.303618298333873,126.38151952241071,669.1683042369045,63.99575480044393,0.0,231.50328875258327,642.6120154964083,60.577484684171196,78.74075640248577,94.02419577146259,426.1377652108108,169.50953788491415,241.308092003026,278.2448918521218,347.22895020004694,102.80993784235056,343.97365801905835,202.39192803956007
GarageFinish,79.67579578635161,778.9781996220463,30.87920965155149,0.0,22.991516930437513,112.79101066458199,50.12046175723481,9.950877731071586,0.0,369.3344330745331,34.22935071467525,35.13266339687834,219.83242231126997,517.2228191434169,54.850885221219414,112.41499766376364,578.0621244243496,76.5378373897111,201.96441727874418,252.89820628085943,205.97119047672527,176.9138864580001,444.8080717693856,140.66857781649583,37.84099354514615,110.58461860571879,14.797749845836332,280.9903752299293,785.7371497807335,62.281249688650064,320.0650599973392,0.0,426.56210313352403,65.40487898417155,224.67747039706205,70.43882709385184,241.41950333425712,38.748841883588966,175.0875516500754,67.95981838721696,80.20366194756457,311.05353386116553,471.1638294435834,222.93239273926883
GarageCars,33.85447280194717,893.5578247831209,24.54695905242761,0.0,204.5931323372639,31.725922432574095,138.6348158447762,0.5976820408343286,0.0,955.1359165525055,95.96895186780876,634.0853856211015,60.02355342148849,170.25669574362928,86.23363601383699,146.3900940438316,481.3930971496899,2.1905145349553123,291.9422169169882,241.38250869582873,428.45716924729277,131.21401150262125,376.81456386104037,12.31698856723824,662.6475714860547,74.0150809474942,2.4432967481192094,449.65805515724674,406.08583602388126,93.23370785255122,363.32942621610664,152.87128674332365,0.0,26.972039946201477,75.76037236141076,18.946605582107622,192.05225651599335,129.9033103029965,41.501920247159205,26.454287199257806,306.6227628269894,509.2766065147132,104.56571246240492,224.20037404686673
PavedDrive,134.71228041411177,1125.6195500998083,84.88211365399366,0.0,10.873173327591019,132.8221388560639,282.6002798405249,40.84343742218715,0.0,126.07935697534867,61.53512420927241,70.53270737074126,306.4898899875416,492.9993556450245,270.93624361143884,108.2662855385388,139.35719068351773,21.440117572578416,329.181902464467,298.7908566382325,102.42160142168154,139.4292191735243,538.8444644764058,346.1401896613031,75.86126663419986,184.08293739259693,7.312923638144973,296.2288950551408,474.3678105823101,0.4307248232657912,484.3141492105501,127.02065228331873,274.7978693222399,0.0,140.77161607821904,122.11694001983824,155.1205986841901,288.00494988357536,87.89929655817787,79.4295187736559,68.97210773843199,256.1205732001597,1065.6706237372782,219.245381775615
MoSold,250.6572282682505,613.6565245653474,96.80132218900462,0.0,122.09821316836764,55.80709120778644,230.64141806586883,0.20565157295415304,0.0,440.67269712800135,21.317628308205997,65.28263136132591,175.98171372245315,756.2236561848986,101.54005171147628,37.47250905645046,160.18355933250746,72.97736497770809,266.28107065136913,253.73372472071787,117.62912560201471,27.54539316705302,132.30417535316246,239.43137653569784,176.27530077062033,45.505764324850816,4.316137117969042,356.1936996547754,358.53726829652123,31.990967396229053,440.55443763154926,322.06526470478667,230.41576283842278,22.66105305473708,0.0,12.9205925789729,111.33613298213322,42.92315011551955,154.58712445789877,133.05313364968583,89.15721193370564,220.01583078838007,445.7874548218424,498.6901650798195
SaleCondition,299.5313627765963,703.8508848141146,16.277927580029427,0.0,97.34247872470422,191.86885764125762,280.0474217402874,72.2139847092284,0.0,42.33547166104108,61.669913875074684,42.688744670300366,265.76211194383905,135.8787950950873,482.36824680569225,78.75982400720204,323.3903519382808,108.26562103767752,220.6920392667388,233.4285228232818,187.42136476287578,50.3918135334377,111.19636050780173,256.4768539023403,213.637470372405,58.764962869049555,15.45630957949421,48.09744615491945,449.72181602842556,20.587064232989746,559.6520595309094,249.42501172432964,182.9808130466149,45.971930181680605,48.57582504183392,0.0,177.9623278859956,136.28551781767692,43.23478296492658,131.7088355211563,390.5935355562176,357.30646161182085,405.41083668813735,379.9926767678776
Latitude,33.656729271378595,943.0591962551671,24.87567401178262,0.0,4.311811192669154,169.57962444828397,480.25561503797064,59.31811895699941,0.0,330.87424505337003,51.533000351834886,98.04679441960798,373.4711904754622,988.6559690485419,124.91774296437006,159.52379550834303,187.62781705493188,5.900970648253363,276.97556042507586,298.20443569389386,132.8146235412246,119.1129017053513,70.59359978589873,192.37256412033366,228.9978842115056,37.68463482826303,2.857519013014098,203.1073700164801,276.24837687501577,78.08365814640547,692.9701600025733,262.39452734921036,202.6682953655054,7.262672862708101,72.17466892544405,19.452727164619205,0.0,43.3496818171343,24.47869859386924,116.796044721003,89.88670864290202,230.0510339786797,425.2039493188531,392.5028794547882
Longitude,338.2135776852165,121.87404972479999,63.03261740553876,1.6863732347227194,15.521614534540447,158.33512071106745,396.42600476719315,33.35820110283178,0.0,247.79619568646467,60.446148472653064,168.73840416908752,229.9808164831793,417.6019105388732,184.48812856644417,90.58014530639093,189.35453562065805,55.1398840831789,181.19447086869474,327.914173530359,171.1890435193077,31.749042454283654,235.93145534685027,238.17910522098828,188.26925116379607,45.20147394776791,6.1982581272199795,292.19585303852955,401.8562649691253,73.00703179389745,524.8967172996763,174.7620873965438,384.85997929009,15.757859158214018,99.04266317233555,52.69199639816668,305.89645818538906,0.0,84.23662686488683,708.0383908428153,226.54399953158804,348.6920338887303,341.52510202170015,481.2696737972449
LF_median,182.67139377328795,1174.7486285875948,40.76161390188918,0.0,143.82634561242287,91.58855568290451,538.4771131313502,13.45419278973229,0.0,304.20638457214136,122.18546737464061,150.46271089817856,329.8402376678155,1370.4403111050597,260.79198501566816,114.14909266168502,364.4269667165536,103.00364667663202,191.98919593952854,279.33875916912007,261.99657495176484,19.53290161818086,256.61762912877384,125.80548030469504,194.49046265182892,84.16600519910662,16.001201337405995,251.87725820330468,151.1189741947269,34.54446091952275,608.8968037078012,165.82777037668058,371.64302884969584,62.38027628310596,109.83090049764337,55.753377907914,257.68985877704176,137.0820957090491,0.0,61.037121918417824,192.06701893653212,247.6270083964905,871.2260678784405,318.54014434218016
DistanceFromCenter,98.98881209791489,1158.1821198559192,22.2374222685512,0.0,75.84500838672159,135.07566766956896,349.23376452944797,19.453884070123507,0.0,35.73257295004805,56.67816573365802,189.76578792467808,462.25798849813964,1159.3815989380628,33.04951905292137,15.770249797808447,294.54853265411043,46.694101611633684,84.8459742438188,227.95973726239322,53.029104388461974,59.68897703498476,381.97169622644014,158.2949491556983,34.677471349878715,14.110143474549545,10.894712140428211,307.61703974815555,516.3316534094861,64.27306831753629,484.95262741314673,132.88021605309507,333.37083124919536,98.58042965299359,11.30862175579307,43.41687331983201,320.23378896012605,902.5849437561992,155.14198054868018,0.0,276.5979438711138,255.5055217012657,701.2279637883294,179.56636205901577
total_baths,31.654477428421046,896.627518181057,72.181796941117,0.0,133.5907988451121,92.89292226186419,422.158900255561,43.853501225610714,0.0,206.56048339863628,56.3974401807704,48.649672586230736,86.67294748901895,808.7604540439879,356.5124610993703,252.48510963136619,454.2051022771452,35.489187906663844,153.82861649983963,112.29709740578767,224.3908892965785,166.96255963188992,702.8290401828554,57.40487172346366,75.03279873556062,39.488554580576874,4.842114785387899,155.39808118037172,333.0124863383153,50.51757881561991,193.48907067740902,21.58261172168045,245.25847146722526,29.147214582655735,14.42107850437344,117.63504373284843,11.163245461671295,72.03135803747523,268.27780887618997,236.55500434342684,0.0,208.4552250825975,36.84122344217758,346.5305943743638
TotalPorchSF,123.68989927463565,714.1955003281473,99.72715738243255,0.0,12.419118043574997,59.86245345592741,313.8058007313208,12.63572190375379,0.0,288.57666036347837,21.632609230647006,26.062001602782402,344.80093068147926,616.0391530516181,272.54904572528767,289.9630281742691,204.371623025678,4.343618468657127,205.15852241930855,204.51730057532734,276.38538920542555,15.662394103429051,61.345944846619204,39.124948735560565,179.39659932739528,150.8779367490714,0.9072397006191082,279.8153799014809,501.00889893305157,8.93887426046308,675.921951156989,258.09309839090866,242.2359681202879,81.91242265435784,64.4529449435147,121.16836032583467,220.74640542839234,184.2690630987588,168.69302112818036,40.049376769604805,108.44094840975731,0.0,259.80474880619295,456.21862992569186
TotalFinSF,281.6029586415806,974.5253601515396,194.50778534383176,0.0,2414.58302305867,20.161277810123238,215.83087317312527,6.4406018563284135,0.0,1496.8690218813472,156.19621215926887,1614.934407663919,83.88755537646693,4033.562453353032,1077.199695461573,895.3811823373167,1600.9603554404343,4.746948459464392,179.10163488870515,427.9722698582706,198.3852881333878,566.8251422941207,5175.543093517166,10970.796979898241,159.93358121699816,6.921443463016317,33.611809351981314,2223.2607383509803,416.98471671759717,319.9385309231848,1852.6858253769724,313.14908097474444,327.03120958445334,145.83370298929188,58.67887981457602,100.82957515939302,681.450362389173,144.89419256173574,270.40675839327037,895.3309326705958,4972.615607988731,22.82747494161663,0.0,1794.3157343791104
